{
  "Loot":
  [
   {"x": -66.81718661912332,
    "y": 92.53121037036182,
    "title": "High Loot",
    "radiusMeters": 5}
  ]
}
