{
  "Loot": 
  [
    {"x": -16.352347899917394,
    "y": 87.69577894359827,
    "title": "High Loot",
    "radiusMeters": 5}
  ]
}
