{
  "Vehicles": 
  [
    {"x": 57.08653217389022,
     "y": -78.12569774687289,
     "title": "Vehicle"},
    {"x": 48.83029371271402,
     "y": -71.31074711680412,
     "title": "Vehicle"}    
  ]
}
